"","Var1","Var2","Var3","Freq"
"1","-57.5","-52.5","1975",0
"2","-52.5","-52.5","1975",0
"3","-47.5","-52.5","1975",0
"4","-42.5","-52.5","1975",0
"5","-37.5","-52.5","1975",2
"6","-32.5","-52.5","1975",226
"7","-27.5","-52.5","1975",0
"8","-22.5","-52.5","1975",0
"9","-17.5","-52.5","1975",0
"10","-12.5","-52.5","1975",0
"11","-7.5","-52.5","1975",0
"12","-2.5","-52.5","1975",0
"13","2.5","-52.5","1975",0
"14","7.5","-52.5","1975",0
"15","12.5","-52.5","1975",0
"16","-57.5","-47.5","1975",0
"17","-52.5","-47.5","1975",0
"18","-47.5","-47.5","1975",0
"19","-42.5","-47.5","1975",0
"20","-37.5","-47.5","1975",7
"21","-32.5","-47.5","1975",170
"22","-27.5","-47.5","1975",64
"23","-22.5","-47.5","1975",0
"24","-17.5","-47.5","1975",0
"25","-12.5","-47.5","1975",0
"26","-7.5","-47.5","1975",0
"27","-2.5","-47.5","1975",0
"28","2.5","-47.5","1975",0
"29","7.5","-47.5","1975",0
"30","12.5","-47.5","1975",0
"31","-57.5","-42.5","1975",0
"32","-52.5","-42.5","1975",0
"33","-47.5","-42.5","1975",0
"34","-42.5","-42.5","1975",0
"35","-37.5","-42.5","1975",0
"36","-32.5","-42.5","1975",3
"37","-27.5","-42.5","1975",0
"38","-22.5","-42.5","1975",23
"39","-17.5","-42.5","1975",0
"40","-12.5","-42.5","1975",0
"41","-7.5","-42.5","1975",0
"42","-2.5","-42.5","1975",0
"43","2.5","-42.5","1975",0
"44","7.5","-42.5","1975",0
"45","12.5","-42.5","1975",0
"46","-57.5","-37.5","1975",0
"47","-52.5","-37.5","1975",0
"48","-47.5","-37.5","1975",0
"49","-42.5","-37.5","1975",0
"50","-37.5","-37.5","1975",4
"51","-32.5","-37.5","1975",365
"52","-27.5","-37.5","1975",0
"53","-22.5","-37.5","1975",23
"54","-17.5","-37.5","1975",8
"55","-12.5","-37.5","1975",0
"56","-7.5","-37.5","1975",0
"57","-2.5","-37.5","1975",20
"58","2.5","-37.5","1975",0
"59","7.5","-37.5","1975",0
"60","12.5","-37.5","1975",0
"61","-57.5","-32.5","1975",0
"62","-52.5","-32.5","1975",0
"63","-47.5","-32.5","1975",0
"64","-42.5","-32.5","1975",0
"65","-37.5","-32.5","1975",0
"66","-32.5","-32.5","1975",0
"67","-27.5","-32.5","1975",0
"68","-22.5","-32.5","1975",0
"69","-17.5","-32.5","1975",3
"70","-12.5","-32.5","1975",0
"71","-7.5","-32.5","1975",8
"72","-2.5","-32.5","1975",53
"73","2.5","-32.5","1975",1
"74","7.5","-32.5","1975",0
"75","12.5","-32.5","1975",0
"76","-57.5","-27.5","1975",0
"77","-52.5","-27.5","1975",0
"78","-47.5","-27.5","1975",0
"79","-42.5","-27.5","1975",0
"80","-37.5","-27.5","1975",0
"81","-32.5","-27.5","1975",0
"82","-27.5","-27.5","1975",0
"83","-22.5","-27.5","1975",0
"84","-17.5","-27.5","1975",0
"85","-12.5","-27.5","1975",0
"86","-7.5","-27.5","1975",0
"87","-2.5","-27.5","1975",0
"88","2.5","-27.5","1975",0
"89","7.5","-27.5","1975",0
"90","12.5","-27.5","1975",0
"91","-57.5","-22.5","1975",0
"92","-52.5","-22.5","1975",0
"93","-47.5","-22.5","1975",0
"94","-42.5","-22.5","1975",0
"95","-37.5","-22.5","1975",0
"96","-32.5","-22.5","1975",0
"97","-27.5","-22.5","1975",0
"98","-22.5","-22.5","1975",0
"99","-17.5","-22.5","1975",0
"100","-12.5","-22.5","1975",0
"101","-7.5","-22.5","1975",0
"102","-2.5","-22.5","1975",0
"103","2.5","-22.5","1975",0
"104","7.5","-22.5","1975",0
"105","12.5","-22.5","1975",0
"106","-57.5","-17.5","1975",0
"107","-52.5","-17.5","1975",0
"108","-47.5","-17.5","1975",0
"109","-42.5","-17.5","1975",0
"110","-37.5","-17.5","1975",0
"111","-32.5","-17.5","1975",0
"112","-27.5","-17.5","1975",0
"113","-22.5","-17.5","1975",0
"114","-17.5","-17.5","1975",0
"115","-12.5","-17.5","1975",0
"116","-7.5","-17.5","1975",0
"117","-2.5","-17.5","1975",0
"118","2.5","-17.5","1975",0
"119","7.5","-17.5","1975",0
"120","12.5","-17.5","1975",0
"121","-57.5","-12.5","1975",0
"122","-52.5","-12.5","1975",0
"123","-47.5","-12.5","1975",0
"124","-42.5","-12.5","1975",0
"125","-37.5","-12.5","1975",0
"126","-32.5","-12.5","1975",0
"127","-27.5","-12.5","1975",0
"128","-22.5","-12.5","1975",0
"129","-17.5","-12.5","1975",0
"130","-12.5","-12.5","1975",0
"131","-7.5","-12.5","1975",0
"132","-2.5","-12.5","1975",0
"133","2.5","-12.5","1975",0
"134","7.5","-12.5","1975",0
"135","12.5","-12.5","1975",0
"136","-57.5","-7.5","1975",0
"137","-52.5","-7.5","1975",0
"138","-47.5","-7.5","1975",0
"139","-42.5","-7.5","1975",0
"140","-37.5","-7.5","1975",0
"141","-32.5","-7.5","1975",1
"142","-27.5","-7.5","1975",0
"143","-22.5","-7.5","1975",0
"144","-17.5","-7.5","1975",0
"145","-12.5","-7.5","1975",0
"146","-7.5","-7.5","1975",0
"147","-2.5","-7.5","1975",0
"148","2.5","-7.5","1975",0
"149","7.5","-7.5","1975",0
"150","12.5","-7.5","1975",0
"151","-57.5","-2.5","1975",0
"152","-52.5","-2.5","1975",0
"153","-47.5","-2.5","1975",0
"154","-42.5","-2.5","1975",0
"155","-37.5","-2.5","1975",0
"156","-32.5","-2.5","1975",0
"157","-27.5","-2.5","1975",0
"158","-22.5","-2.5","1975",0
"159","-17.5","-2.5","1975",0
"160","-12.5","-2.5","1975",0
"161","-7.5","-2.5","1975",0
"162","-2.5","-2.5","1975",0
"163","2.5","-2.5","1975",0
"164","7.5","-2.5","1975",0
"165","12.5","-2.5","1975",0
"166","-57.5","2.5","1975",0
"167","-52.5","2.5","1975",0
"168","-47.5","2.5","1975",0
"169","-42.5","2.5","1975",0
"170","-37.5","2.5","1975",0
"171","-32.5","2.5","1975",0
"172","-27.5","2.5","1975",0
"173","-22.5","2.5","1975",0
"174","-17.5","2.5","1975",0
"175","-12.5","2.5","1975",0
"176","-7.5","2.5","1975",0
"177","-2.5","2.5","1975",0
"178","2.5","2.5","1975",0
"179","7.5","2.5","1975",0
"180","12.5","2.5","1975",0
"181","-57.5","-52.5","1980",0
"182","-52.5","-52.5","1980",0
"183","-47.5","-52.5","1980",0
"184","-42.5","-52.5","1980",0
"185","-37.5","-52.5","1980",7
"186","-32.5","-52.5","1980",958
"187","-27.5","-52.5","1980",0
"188","-22.5","-52.5","1980",0
"189","-17.5","-52.5","1980",0
"190","-12.5","-52.5","1980",0
"191","-7.5","-52.5","1980",0
"192","-2.5","-52.5","1980",0
"193","2.5","-52.5","1980",0
"194","7.5","-52.5","1980",0
"195","12.5","-52.5","1980",0
"196","-57.5","-47.5","1980",2
"197","-52.5","-47.5","1980",0
"198","-47.5","-47.5","1980",0
"199","-42.5","-47.5","1980",0
"200","-37.5","-47.5","1980",10
"201","-32.5","-47.5","1980",769
"202","-27.5","-47.5","1980",406
"203","-22.5","-47.5","1980",0
"204","-17.5","-47.5","1980",0
"205","-12.5","-47.5","1980",0
"206","-7.5","-47.5","1980",0
"207","-2.5","-47.5","1980",0
"208","2.5","-47.5","1980",0
"209","7.5","-47.5","1980",0
"210","12.5","-47.5","1980",0
"211","-57.5","-42.5","1980",0
"212","-52.5","-42.5","1980",0
"213","-47.5","-42.5","1980",0
"214","-42.5","-42.5","1980",0
"215","-37.5","-42.5","1980",1
"216","-32.5","-42.5","1980",4
"217","-27.5","-42.5","1980",5
"218","-22.5","-42.5","1980",7
"219","-17.5","-42.5","1980",0
"220","-12.5","-42.5","1980",0
"221","-7.5","-42.5","1980",0
"222","-2.5","-42.5","1980",0
"223","2.5","-42.5","1980",0
"224","7.5","-42.5","1980",0
"225","12.5","-42.5","1980",0
"226","-57.5","-37.5","1980",0
"227","-52.5","-37.5","1980",1
"228","-47.5","-37.5","1980",0
"229","-42.5","-37.5","1980",0
"230","-37.5","-37.5","1980",6
"231","-32.5","-37.5","1980",758
"232","-27.5","-37.5","1980",0
"233","-22.5","-37.5","1980",10
"234","-17.5","-37.5","1980",5
"235","-12.5","-37.5","1980",11
"236","-7.5","-37.5","1980",0
"237","-2.5","-37.5","1980",0
"238","2.5","-37.5","1980",0
"239","7.5","-37.5","1980",0
"240","12.5","-37.5","1980",0
"241","-57.5","-32.5","1980",0
"242","-52.5","-32.5","1980",9
"243","-47.5","-32.5","1980",0
"244","-42.5","-32.5","1980",0
"245","-37.5","-32.5","1980",0
"246","-32.5","-32.5","1980",1
"247","-27.5","-32.5","1980",0
"248","-22.5","-32.5","1980",0
"249","-17.5","-32.5","1980",0
"250","-12.5","-32.5","1980",17
"251","-7.5","-32.5","1980",19
"252","-2.5","-32.5","1980",45
"253","2.5","-32.5","1980",0
"254","7.5","-32.5","1980",0
"255","12.5","-32.5","1980",0
"256","-57.5","-27.5","1980",0
"257","-52.5","-27.5","1980",0
"258","-47.5","-27.5","1980",3
"259","-42.5","-27.5","1980",0
"260","-37.5","-27.5","1980",0
"261","-32.5","-27.5","1980",1
"262","-27.5","-27.5","1980",1
"263","-22.5","-27.5","1980",0
"264","-17.5","-27.5","1980",0
"265","-12.5","-27.5","1980",0
"266","-7.5","-27.5","1980",7
"267","-2.5","-27.5","1980",18
"268","2.5","-27.5","1980",0
"269","7.5","-27.5","1980",0
"270","12.5","-27.5","1980",0
"271","-57.5","-22.5","1980",0
"272","-52.5","-22.5","1980",0
"273","-47.5","-22.5","1980",0
"274","-42.5","-22.5","1980",0
"275","-37.5","-22.5","1980",0
"276","-32.5","-22.5","1980",0
"277","-27.5","-22.5","1980",0
"278","-22.5","-22.5","1980",0
"279","-17.5","-22.5","1980",0
"280","-12.5","-22.5","1980",0
"281","-7.5","-22.5","1980",94
"282","-2.5","-22.5","1980",0
"283","2.5","-22.5","1980",0
"284","7.5","-22.5","1980",0
"285","12.5","-22.5","1980",0
"286","-57.5","-17.5","1980",0
"287","-52.5","-17.5","1980",0
"288","-47.5","-17.5","1980",0
"289","-42.5","-17.5","1980",0
"290","-37.5","-17.5","1980",0
"291","-32.5","-17.5","1980",1
"292","-27.5","-17.5","1980",0
"293","-22.5","-17.5","1980",0
"294","-17.5","-17.5","1980",0
"295","-12.5","-17.5","1980",0
"296","-7.5","-17.5","1980",37
"297","-2.5","-17.5","1980",0
"298","2.5","-17.5","1980",0
"299","7.5","-17.5","1980",0
"300","12.5","-17.5","1980",0
"301","-57.5","-12.5","1980",0
"302","-52.5","-12.5","1980",0
"303","-47.5","-12.5","1980",0
"304","-42.5","-12.5","1980",0
"305","-37.5","-12.5","1980",0
"306","-32.5","-12.5","1980",2
"307","-27.5","-12.5","1980",0
"308","-22.5","-12.5","1980",0
"309","-17.5","-12.5","1980",0
"310","-12.5","-12.5","1980",0
"311","-7.5","-12.5","1980",37
"312","-2.5","-12.5","1980",0
"313","2.5","-12.5","1980",0
"314","7.5","-12.5","1980",0
"315","12.5","-12.5","1980",0
"316","-57.5","-7.5","1980",0
"317","-52.5","-7.5","1980",0
"318","-47.5","-7.5","1980",0
"319","-42.5","-7.5","1980",0
"320","-37.5","-7.5","1980",0
"321","-32.5","-7.5","1980",2
"322","-27.5","-7.5","1980",0
"323","-22.5","-7.5","1980",0
"324","-17.5","-7.5","1980",0
"325","-12.5","-7.5","1980",0
"326","-7.5","-7.5","1980",0
"327","-2.5","-7.5","1980",0
"328","2.5","-7.5","1980",0
"329","7.5","-7.5","1980",0
"330","12.5","-7.5","1980",0
"331","-57.5","-2.5","1980",0
"332","-52.5","-2.5","1980",0
"333","-47.5","-2.5","1980",0
"334","-42.5","-2.5","1980",0
"335","-37.5","-2.5","1980",1
"336","-32.5","-2.5","1980",15
"337","-27.5","-2.5","1980",0
"338","-22.5","-2.5","1980",0
"339","-17.5","-2.5","1980",0
"340","-12.5","-2.5","1980",0
"341","-7.5","-2.5","1980",5
"342","-2.5","-2.5","1980",0
"343","2.5","-2.5","1980",0
"344","7.5","-2.5","1980",0
"345","12.5","-2.5","1980",0
"346","-57.5","2.5","1980",0
"347","-52.5","2.5","1980",0
"348","-47.5","2.5","1980",0
"349","-42.5","2.5","1980",0
"350","-37.5","2.5","1980",0
"351","-32.5","2.5","1980",0
"352","-27.5","2.5","1980",0
"353","-22.5","2.5","1980",0
"354","-17.5","2.5","1980",0
"355","-12.5","2.5","1980",0
"356","-7.5","2.5","1980",0
"357","-2.5","2.5","1980",0
"358","2.5","2.5","1980",0
"359","7.5","2.5","1980",0
"360","12.5","2.5","1980",0
"361","-57.5","-52.5","1985",0
"362","-52.5","-52.5","1985",0
"363","-47.5","-52.5","1985",0
"364","-42.5","-52.5","1985",0
"365","-37.5","-52.5","1985",8
"366","-32.5","-52.5","1985",878
"367","-27.5","-52.5","1985",0
"368","-22.5","-52.5","1985",0
"369","-17.5","-52.5","1985",0
"370","-12.5","-52.5","1985",0
"371","-7.5","-52.5","1985",0
"372","-2.5","-52.5","1985",0
"373","2.5","-52.5","1985",0
"374","7.5","-52.5","1985",0
"375","12.5","-52.5","1985",0
"376","-57.5","-47.5","1985",0
"377","-52.5","-47.5","1985",0
"378","-47.5","-47.5","1985",0
"379","-42.5","-47.5","1985",10
"380","-37.5","-47.5","1985",25
"381","-32.5","-47.5","1985",620
"382","-27.5","-47.5","1985",111
"383","-22.5","-47.5","1985",0
"384","-17.5","-47.5","1985",0
"385","-12.5","-47.5","1985",0
"386","-7.5","-47.5","1985",0
"387","-2.5","-47.5","1985",0
"388","2.5","-47.5","1985",0
"389","7.5","-47.5","1985",0
"390","12.5","-47.5","1985",0
"391","-57.5","-42.5","1985",0
"392","-52.5","-42.5","1985",0
"393","-47.5","-42.5","1985",0
"394","-42.5","-42.5","1985",0
"395","-37.5","-42.5","1985",0
"396","-32.5","-42.5","1985",5
"397","-27.5","-42.5","1985",4
"398","-22.5","-42.5","1985",3
"399","-17.5","-42.5","1985",0
"400","-12.5","-42.5","1985",0
"401","-7.5","-42.5","1985",0
"402","-2.5","-42.5","1985",1
"403","2.5","-42.5","1985",21
"404","7.5","-42.5","1985",0
"405","12.5","-42.5","1985",0
"406","-57.5","-37.5","1985",0
"407","-52.5","-37.5","1985",0
"408","-47.5","-37.5","1985",0
"409","-42.5","-37.5","1985",3
"410","-37.5","-37.5","1985",2
"411","-32.5","-37.5","1985",787
"412","-27.5","-37.5","1985",0
"413","-22.5","-37.5","1985",0
"414","-17.5","-37.5","1985",0
"415","-12.5","-37.5","1985",2
"416","-7.5","-37.5","1985",0
"417","-2.5","-37.5","1985",226
"418","2.5","-37.5","1985",0
"419","7.5","-37.5","1985",0
"420","12.5","-37.5","1985",0
"421","-57.5","-32.5","1985",0
"422","-52.5","-32.5","1985",0
"423","-47.5","-32.5","1985",0
"424","-42.5","-32.5","1985",0
"425","-37.5","-32.5","1985",0
"426","-32.5","-32.5","1985",7
"427","-27.5","-32.5","1985",0
"428","-22.5","-32.5","1985",2
"429","-17.5","-32.5","1985",8
"430","-12.5","-32.5","1985",10
"431","-7.5","-32.5","1985",497
"432","-2.5","-32.5","1985",646
"433","2.5","-32.5","1985",61
"434","7.5","-32.5","1985",1
"435","12.5","-32.5","1985",0
"436","-57.5","-27.5","1985",0
"437","-52.5","-27.5","1985",0
"438","-47.5","-27.5","1985",0
"439","-42.5","-27.5","1985",0
"440","-37.5","-27.5","1985",0
"441","-32.5","-27.5","1985",0
"442","-27.5","-27.5","1985",0
"443","-22.5","-27.5","1985",0
"444","-17.5","-27.5","1985",1
"445","-12.5","-27.5","1985",0
"446","-7.5","-27.5","1985",79
"447","-2.5","-27.5","1985",14
"448","2.5","-27.5","1985",46
"449","7.5","-27.5","1985",1
"450","12.5","-27.5","1985",0
"451","-57.5","-22.5","1985",0
"452","-52.5","-22.5","1985",0
"453","-47.5","-22.5","1985",0
"454","-42.5","-22.5","1985",0
"455","-37.5","-22.5","1985",0
"456","-32.5","-22.5","1985",0
"457","-27.5","-22.5","1985",0
"458","-22.5","-22.5","1985",0
"459","-17.5","-22.5","1985",0
"460","-12.5","-22.5","1985",1
"461","-7.5","-22.5","1985",160
"462","-2.5","-22.5","1985",9
"463","2.5","-22.5","1985",0
"464","7.5","-22.5","1985",0
"465","12.5","-22.5","1985",0
"466","-57.5","-17.5","1985",0
"467","-52.5","-17.5","1985",0
"468","-47.5","-17.5","1985",0
"469","-42.5","-17.5","1985",0
"470","-37.5","-17.5","1985",0
"471","-32.5","-17.5","1985",0
"472","-27.5","-17.5","1985",0
"473","-22.5","-17.5","1985",0
"474","-17.5","-17.5","1985",0
"475","-12.5","-17.5","1985",0
"476","-7.5","-17.5","1985",138
"477","-2.5","-17.5","1985",5
"478","2.5","-17.5","1985",0
"479","7.5","-17.5","1985",0
"480","12.5","-17.5","1985",0
"481","-57.5","-12.5","1985",0
"482","-52.5","-12.5","1985",0
"483","-47.5","-12.5","1985",0
"484","-42.5","-12.5","1985",0
"485","-37.5","-12.5","1985",0
"486","-32.5","-12.5","1985",0
"487","-27.5","-12.5","1985",0
"488","-22.5","-12.5","1985",0
"489","-17.5","-12.5","1985",0
"490","-12.5","-12.5","1985",0
"491","-7.5","-12.5","1985",3
"492","-2.5","-12.5","1985",6
"493","2.5","-12.5","1985",10
"494","7.5","-12.5","1985",0
"495","12.5","-12.5","1985",0
"496","-57.5","-7.5","1985",0
"497","-52.5","-7.5","1985",0
"498","-47.5","-7.5","1985",0
"499","-42.5","-7.5","1985",0
"500","-37.5","-7.5","1985",0
"501","-32.5","-7.5","1985",1
"502","-27.5","-7.5","1985",1
"503","-22.5","-7.5","1985",0
"504","-17.5","-7.5","1985",1
"505","-12.5","-7.5","1985",27
"506","-7.5","-7.5","1985",30
"507","-2.5","-7.5","1985",78
"508","2.5","-7.5","1985",0
"509","7.5","-7.5","1985",0
"510","12.5","-7.5","1985",0
"511","-57.5","-2.5","1985",0
"512","-52.5","-2.5","1985",0
"513","-47.5","-2.5","1985",0
"514","-42.5","-2.5","1985",0
"515","-37.5","-2.5","1985",0
"516","-32.5","-2.5","1985",0
"517","-27.5","-2.5","1985",0
"518","-22.5","-2.5","1985",0
"519","-17.5","-2.5","1985",1
"520","-12.5","-2.5","1985",9
"521","-7.5","-2.5","1985",25
"522","-2.5","-2.5","1985",56
"523","2.5","-2.5","1985",0
"524","7.5","-2.5","1985",0
"525","12.5","-2.5","1985",0
"526","-57.5","2.5","1985",0
"527","-52.5","2.5","1985",0
"528","-47.5","2.5","1985",0
"529","-42.5","2.5","1985",0
"530","-37.5","2.5","1985",0
"531","-32.5","2.5","1985",0
"532","-27.5","2.5","1985",0
"533","-22.5","2.5","1985",0
"534","-17.5","2.5","1985",0
"535","-12.5","2.5","1985",0
"536","-7.5","2.5","1985",0
"537","-2.5","2.5","1985",0
"538","2.5","2.5","1985",0
"539","7.5","2.5","1985",0
"540","12.5","2.5","1985",0
"541","-57.5","-52.5","1990",0
"542","-52.5","-52.5","1990",0
"543","-47.5","-52.5","1990",0
"544","-42.5","-52.5","1990",0
"545","-37.5","-52.5","1990",7
"546","-32.5","-52.5","1990",482
"547","-27.5","-52.5","1990",0
"548","-22.5","-52.5","1990",0
"549","-17.5","-52.5","1990",0
"550","-12.5","-52.5","1990",0
"551","-7.5","-52.5","1990",0
"552","-2.5","-52.5","1990",0
"553","2.5","-52.5","1990",0
"554","7.5","-52.5","1990",0
"555","12.5","-52.5","1990",0
"556","-57.5","-47.5","1990",0
"557","-52.5","-47.5","1990",1
"558","-47.5","-47.5","1990",0
"559","-42.5","-47.5","1990",11
"560","-37.5","-47.5","1990",26
"561","-32.5","-47.5","1990",382
"562","-27.5","-47.5","1990",95
"563","-22.5","-47.5","1990",0
"564","-17.5","-47.5","1990",0
"565","-12.5","-47.5","1990",0
"566","-7.5","-47.5","1990",0
"567","-2.5","-47.5","1990",0
"568","2.5","-47.5","1990",0
"569","7.5","-47.5","1990",0
"570","12.5","-47.5","1990",0
"571","-57.5","-42.5","1990",0
"572","-52.5","-42.5","1990",0
"573","-47.5","-42.5","1990",6
"574","-42.5","-42.5","1990",50
"575","-37.5","-42.5","1990",33
"576","-32.5","-42.5","1990",19
"577","-27.5","-42.5","1990",6
"578","-22.5","-42.5","1990",2
"579","-17.5","-42.5","1990",0
"580","-12.5","-42.5","1990",0
"581","-7.5","-42.5","1990",0
"582","-2.5","-42.5","1990",1
"583","2.5","-42.5","1990",11
"584","7.5","-42.5","1990",7
"585","12.5","-42.5","1990",0
"586","-57.5","-37.5","1990",0
"587","-52.5","-37.5","1990",1
"588","-47.5","-37.5","1990",6
"589","-42.5","-37.5","1990",2
"590","-37.5","-37.5","1990",3
"591","-32.5","-37.5","1990",155
"592","-27.5","-37.5","1990",2
"593","-22.5","-37.5","1990",55
"594","-17.5","-37.5","1990",43
"595","-12.5","-37.5","1990",144
"596","-7.5","-37.5","1990",1
"597","-2.5","-37.5","1990",578
"598","2.5","-37.5","1990",12
"599","7.5","-37.5","1990",0
"600","12.5","-37.5","1990",0
"601","-57.5","-32.5","1990",0
"602","-52.5","-32.5","1990",25
"603","-47.5","-32.5","1990",36
"604","-42.5","-32.5","1990",0
"605","-37.5","-32.5","1990",11
"606","-32.5","-32.5","1990",2
"607","-27.5","-32.5","1990",27
"608","-22.5","-32.5","1990",36
"609","-17.5","-32.5","1990",15
"610","-12.5","-32.5","1990",365
"611","-7.5","-32.5","1990",179
"612","-2.5","-32.5","1990",655
"613","2.5","-32.5","1990",15
"614","7.5","-32.5","1990",0
"615","12.5","-32.5","1990",0
"616","-57.5","-27.5","1990",0
"617","-52.5","-27.5","1990",0
"618","-47.5","-27.5","1990",0
"619","-42.5","-27.5","1990",0
"620","-37.5","-27.5","1990",0
"621","-32.5","-27.5","1990",0
"622","-27.5","-27.5","1990",0
"623","-22.5","-27.5","1990",0
"624","-17.5","-27.5","1990",0
"625","-12.5","-27.5","1990",3
"626","-7.5","-27.5","1990",71
"627","-2.5","-27.5","1990",61
"628","2.5","-27.5","1990",4
"629","7.5","-27.5","1990",0
"630","12.5","-27.5","1990",0
"631","-57.5","-22.5","1990",0
"632","-52.5","-22.5","1990",0
"633","-47.5","-22.5","1990",0
"634","-42.5","-22.5","1990",0
"635","-37.5","-22.5","1990",1
"636","-32.5","-22.5","1990",0
"637","-27.5","-22.5","1990",0
"638","-22.5","-22.5","1990",19
"639","-17.5","-22.5","1990",0
"640","-12.5","-22.5","1990",3
"641","-7.5","-22.5","1990",89
"642","-2.5","-22.5","1990",11
"643","2.5","-22.5","1990",0
"644","7.5","-22.5","1990",0
"645","12.5","-22.5","1990",0
"646","-57.5","-17.5","1990",0
"647","-52.5","-17.5","1990",0
"648","-47.5","-17.5","1990",0
"649","-42.5","-17.5","1990",0
"650","-37.5","-17.5","1990",4
"651","-32.5","-17.5","1990",0
"652","-27.5","-17.5","1990",0
"653","-22.5","-17.5","1990",0
"654","-17.5","-17.5","1990",0
"655","-12.5","-17.5","1990",0
"656","-7.5","-17.5","1990",49
"657","-2.5","-17.5","1990",2
"658","2.5","-17.5","1990",0
"659","7.5","-17.5","1990",0
"660","12.5","-17.5","1990",0
"661","-57.5","-12.5","1990",0
"662","-52.5","-12.5","1990",0
"663","-47.5","-12.5","1990",0
"664","-42.5","-12.5","1990",0
"665","-37.5","-12.5","1990",7
"666","-32.5","-12.5","1990",2
"667","-27.5","-12.5","1990",0
"668","-22.5","-12.5","1990",0
"669","-17.5","-12.5","1990",0
"670","-12.5","-12.5","1990",1
"671","-7.5","-12.5","1990",0
"672","-2.5","-12.5","1990",0
"673","2.5","-12.5","1990",0
"674","7.5","-12.5","1990",0
"675","12.5","-12.5","1990",0
"676","-57.5","-7.5","1990",0
"677","-52.5","-7.5","1990",0
"678","-47.5","-7.5","1990",0
"679","-42.5","-7.5","1990",0
"680","-37.5","-7.5","1990",0
"681","-32.5","-7.5","1990",3
"682","-27.5","-7.5","1990",0
"683","-22.5","-7.5","1990",0
"684","-17.5","-7.5","1990",0
"685","-12.5","-7.5","1990",0
"686","-7.5","-7.5","1990",5
"687","-2.5","-7.5","1990",1
"688","2.5","-7.5","1990",0
"689","7.5","-7.5","1990",0
"690","12.5","-7.5","1990",0
"691","-57.5","-2.5","1990",0
"692","-52.5","-2.5","1990",0
"693","-47.5","-2.5","1990",0
"694","-42.5","-2.5","1990",0
"695","-37.5","-2.5","1990",0
"696","-32.5","-2.5","1990",0
"697","-27.5","-2.5","1990",0
"698","-22.5","-2.5","1990",0
"699","-17.5","-2.5","1990",0
"700","-12.5","-2.5","1990",0
"701","-7.5","-2.5","1990",0
"702","-2.5","-2.5","1990",1
"703","2.5","-2.5","1990",1
"704","7.5","-2.5","1990",0
"705","12.5","-2.5","1990",0
"706","-57.5","2.5","1990",0
"707","-52.5","2.5","1990",0
"708","-47.5","2.5","1990",0
"709","-42.5","2.5","1990",0
"710","-37.5","2.5","1990",0
"711","-32.5","2.5","1990",0
"712","-27.5","2.5","1990",0
"713","-22.5","2.5","1990",0
"714","-17.5","2.5","1990",0
"715","-12.5","2.5","1990",0
"716","-7.5","2.5","1990",0
"717","-2.5","2.5","1990",0
"718","2.5","2.5","1990",0
"719","7.5","2.5","1990",0
"720","12.5","2.5","1990",0
"721","-57.5","-52.5","1995",0
"722","-52.5","-52.5","1995",0
"723","-47.5","-52.5","1995",0
"724","-42.5","-52.5","1995",0
"725","-37.5","-52.5","1995",8
"726","-32.5","-52.5","1995",376
"727","-27.5","-52.5","1995",0
"728","-22.5","-52.5","1995",0
"729","-17.5","-52.5","1995",0
"730","-12.5","-52.5","1995",0
"731","-7.5","-52.5","1995",0
"732","-2.5","-52.5","1995",0
"733","2.5","-52.5","1995",0
"734","7.5","-52.5","1995",0
"735","12.5","-52.5","1995",0
"736","-57.5","-47.5","1995",0
"737","-52.5","-47.5","1995",0
"738","-47.5","-47.5","1995",0
"739","-42.5","-47.5","1995",2
"740","-37.5","-47.5","1995",79
"741","-32.5","-47.5","1995",1190
"742","-27.5","-47.5","1995",784
"743","-22.5","-47.5","1995",2
"744","-17.5","-47.5","1995",0
"745","-12.5","-47.5","1995",0
"746","-7.5","-47.5","1995",0
"747","-2.5","-47.5","1995",0
"748","2.5","-47.5","1995",1
"749","7.5","-47.5","1995",0
"750","12.5","-47.5","1995",0
"751","-57.5","-42.5","1995",0
"752","-52.5","-42.5","1995",0
"753","-47.5","-42.5","1995",2
"754","-42.5","-42.5","1995",0
"755","-37.5","-42.5","1995",41
"756","-32.5","-42.5","1995",46
"757","-27.5","-42.5","1995",853
"758","-22.5","-42.5","1995",285
"759","-17.5","-42.5","1995",0
"760","-12.5","-42.5","1995",0
"761","-7.5","-42.5","1995",0
"762","-2.5","-42.5","1995",0
"763","2.5","-42.5","1995",8
"764","7.5","-42.5","1995",1
"765","12.5","-42.5","1995",0
"766","-57.5","-37.5","1995",0
"767","-52.5","-37.5","1995",0
"768","-47.5","-37.5","1995",0
"769","-42.5","-37.5","1995",2
"770","-37.5","-37.5","1995",1
"771","-32.5","-37.5","1995",77
"772","-27.5","-37.5","1995",124
"773","-22.5","-37.5","1995",125
"774","-17.5","-37.5","1995",255
"775","-12.5","-37.5","1995",435
"776","-7.5","-37.5","1995",0
"777","-2.5","-37.5","1995",973
"778","2.5","-37.5","1995",416
"779","7.5","-37.5","1995",66
"780","12.5","-37.5","1995",0
"781","-57.5","-32.5","1995",0
"782","-52.5","-32.5","1995",0
"783","-47.5","-32.5","1995",0
"784","-42.5","-32.5","1995",5
"785","-37.5","-32.5","1995",8
"786","-32.5","-32.5","1995",310
"787","-27.5","-32.5","1995",54
"788","-22.5","-32.5","1995",210
"789","-17.5","-32.5","1995",311
"790","-12.5","-32.5","1995",623
"791","-7.5","-32.5","1995",968
"792","-2.5","-32.5","1995",1103
"793","2.5","-32.5","1995",1586
"794","7.5","-32.5","1995",81
"795","12.5","-32.5","1995",0
"796","-57.5","-27.5","1995",0
"797","-52.5","-27.5","1995",0
"798","-47.5","-27.5","1995",0
"799","-42.5","-27.5","1995",0
"800","-37.5","-27.5","1995",0
"801","-32.5","-27.5","1995",4
"802","-27.5","-27.5","1995",20
"803","-22.5","-27.5","1995",374
"804","-17.5","-27.5","1995",407
"805","-12.5","-27.5","1995",33
"806","-7.5","-27.5","1995",290
"807","-2.5","-27.5","1995",597
"808","2.5","-27.5","1995",935
"809","7.5","-27.5","1995",25
"810","12.5","-27.5","1995",0
"811","-57.5","-22.5","1995",0
"812","-52.5","-22.5","1995",0
"813","-47.5","-22.5","1995",0
"814","-42.5","-22.5","1995",0
"815","-37.5","-22.5","1995",0
"816","-32.5","-22.5","1995",1
"817","-27.5","-22.5","1995",6
"818","-22.5","-22.5","1995",98
"819","-17.5","-22.5","1995",24
"820","-12.5","-22.5","1995",1
"821","-7.5","-22.5","1995",88
"822","-2.5","-22.5","1995",17
"823","2.5","-22.5","1995",59
"824","7.5","-22.5","1995",0
"825","12.5","-22.5","1995",0
"826","-57.5","-17.5","1995",0
"827","-52.5","-17.5","1995",0
"828","-47.5","-17.5","1995",0
"829","-42.5","-17.5","1995",0
"830","-37.5","-17.5","1995",0
"831","-32.5","-17.5","1995",1
"832","-27.5","-17.5","1995",0
"833","-22.5","-17.5","1995",48
"834","-17.5","-17.5","1995",8
"835","-12.5","-17.5","1995",3
"836","-7.5","-17.5","1995",25
"837","-2.5","-17.5","1995",17
"838","2.5","-17.5","1995",3
"839","7.5","-17.5","1995",0
"840","12.5","-17.5","1995",0
"841","-57.5","-12.5","1995",0
"842","-52.5","-12.5","1995",0
"843","-47.5","-12.5","1995",0
"844","-42.5","-12.5","1995",0
"845","-37.5","-12.5","1995",0
"846","-32.5","-12.5","1995",0
"847","-27.5","-12.5","1995",0
"848","-22.5","-12.5","1995",0
"849","-17.5","-12.5","1995",27
"850","-12.5","-12.5","1995",0
"851","-7.5","-12.5","1995",0
"852","-2.5","-12.5","1995",0
"853","2.5","-12.5","1995",0
"854","7.5","-12.5","1995",0
"855","12.5","-12.5","1995",0
"856","-57.5","-7.5","1995",0
"857","-52.5","-7.5","1995",0
"858","-47.5","-7.5","1995",0
"859","-42.5","-7.5","1995",0
"860","-37.5","-7.5","1995",0
"861","-32.5","-7.5","1995",1
"862","-27.5","-7.5","1995",1
"863","-22.5","-7.5","1995",0
"864","-17.5","-7.5","1995",0
"865","-12.5","-7.5","1995",0
"866","-7.5","-7.5","1995",43
"867","-2.5","-7.5","1995",1
"868","2.5","-7.5","1995",0
"869","7.5","-7.5","1995",0
"870","12.5","-7.5","1995",0
"871","-57.5","-2.5","1995",0
"872","-52.5","-2.5","1995",0
"873","-47.5","-2.5","1995",0
"874","-42.5","-2.5","1995",0
"875","-37.5","-2.5","1995",0
"876","-32.5","-2.5","1995",0
"877","-27.5","-2.5","1995",0
"878","-22.5","-2.5","1995",0
"879","-17.5","-2.5","1995",0
"880","-12.5","-2.5","1995",0
"881","-7.5","-2.5","1995",3
"882","-2.5","-2.5","1995",33
"883","2.5","-2.5","1995",8
"884","7.5","-2.5","1995",0
"885","12.5","-2.5","1995",0
"886","-57.5","2.5","1995",0
"887","-52.5","2.5","1995",0
"888","-47.5","2.5","1995",0
"889","-42.5","2.5","1995",0
"890","-37.5","2.5","1995",0
"891","-32.5","2.5","1995",0
"892","-27.5","2.5","1995",0
"893","-22.5","2.5","1995",0
"894","-17.5","2.5","1995",0
"895","-12.5","2.5","1995",0
"896","-7.5","2.5","1995",0
"897","-2.5","2.5","1995",0
"898","2.5","2.5","1995",0
"899","7.5","2.5","1995",0
"900","12.5","2.5","1995",0
"901","-57.5","-52.5","2000",0
"902","-52.5","-52.5","2000",0
"903","-47.5","-52.5","2000",0
"904","-42.5","-52.5","2000",0
"905","-37.5","-52.5","2000",96
"906","-32.5","-52.5","2000",418
"907","-27.5","-52.5","2000",1
"908","-22.5","-52.5","2000",0
"909","-17.5","-52.5","2000",0
"910","-12.5","-52.5","2000",0
"911","-7.5","-52.5","2000",0
"912","-2.5","-52.5","2000",0
"913","2.5","-52.5","2000",0
"914","7.5","-52.5","2000",0
"915","12.5","-52.5","2000",0
"916","-57.5","-47.5","2000",0
"917","-52.5","-47.5","2000",0
"918","-47.5","-47.5","2000",0
"919","-42.5","-47.5","2000",20
"920","-37.5","-47.5","2000",298
"921","-32.5","-47.5","2000",1258
"922","-27.5","-47.5","2000",1481
"923","-22.5","-47.5","2000",6
"924","-17.5","-47.5","2000",0
"925","-12.5","-47.5","2000",0
"926","-7.5","-47.5","2000",0
"927","-2.5","-47.5","2000",0
"928","2.5","-47.5","2000",25
"929","7.5","-47.5","2000",9
"930","12.5","-47.5","2000",0
"931","-57.5","-42.5","2000",0
"932","-52.5","-42.5","2000",0
"933","-47.5","-42.5","2000",1
"934","-42.5","-42.5","2000",43
"935","-37.5","-42.5","2000",83
"936","-32.5","-42.5","2000",157
"937","-27.5","-42.5","2000",1030
"938","-22.5","-42.5","2000",257
"939","-17.5","-42.5","2000",0
"940","-12.5","-42.5","2000",0
"941","-7.5","-42.5","2000",0
"942","-2.5","-42.5","2000",35
"943","2.5","-42.5","2000",267
"944","7.5","-42.5","2000",32
"945","12.5","-42.5","2000",0
"946","-57.5","-37.5","2000",0
"947","-52.5","-37.5","2000",2
"948","-47.5","-37.5","2000",2
"949","-42.5","-37.5","2000",3
"950","-37.5","-37.5","2000",68
"951","-32.5","-37.5","2000",426
"952","-27.5","-37.5","2000",462
"953","-22.5","-37.5","2000",491
"954","-17.5","-37.5","2000",535
"955","-12.5","-37.5","2000",394
"956","-7.5","-37.5","2000",2
"957","-2.5","-37.5","2000",985
"958","2.5","-37.5","2000",2156
"959","7.5","-37.5","2000",397
"960","12.5","-37.5","2000",0
"961","-57.5","-32.5","2000",0
"962","-52.5","-32.5","2000",0
"963","-47.5","-32.5","2000",0
"964","-42.5","-32.5","2000",1
"965","-37.5","-32.5","2000",20
"966","-32.5","-32.5","2000",528
"967","-27.5","-32.5","2000",279
"968","-22.5","-32.5","2000",289
"969","-17.5","-32.5","2000",977
"970","-12.5","-32.5","2000",1944
"971","-7.5","-32.5","2000",1652
"972","-2.5","-32.5","2000",2458
"973","2.5","-32.5","2000",3816
"974","7.5","-32.5","2000",329
"975","12.5","-32.5","2000",0
"976","-57.5","-27.5","2000",0
"977","-52.5","-27.5","2000",0
"978","-47.5","-27.5","2000",0
"979","-42.5","-27.5","2000",0
"980","-37.5","-27.5","2000",1
"981","-32.5","-27.5","2000",163
"982","-27.5","-27.5","2000",226
"983","-22.5","-27.5","2000",1251
"984","-17.5","-27.5","2000",1848
"985","-12.5","-27.5","2000",327
"986","-7.5","-27.5","2000",594
"987","-2.5","-27.5","2000",1015
"988","2.5","-27.5","2000",1790
"989","7.5","-27.5","2000",190
"990","12.5","-27.5","2000",0
"991","-57.5","-22.5","2000",0
"992","-52.5","-22.5","2000",0
"993","-47.5","-22.5","2000",0
"994","-42.5","-22.5","2000",0
"995","-37.5","-22.5","2000",0
"996","-32.5","-22.5","2000",2
"997","-27.5","-22.5","2000",109
"998","-22.5","-22.5","2000",671
"999","-17.5","-22.5","2000",177
"1000","-12.5","-22.5","2000",87
"1001","-7.5","-22.5","2000",170
"1002","-2.5","-22.5","2000",59
"1003","2.5","-22.5","2000",218
"1004","7.5","-22.5","2000",13
"1005","12.5","-22.5","2000",0
"1006","-57.5","-17.5","2000",0
"1007","-52.5","-17.5","2000",0
"1008","-47.5","-17.5","2000",0
"1009","-42.5","-17.5","2000",0
"1010","-37.5","-17.5","2000",0
"1011","-32.5","-17.5","2000",4
"1012","-27.5","-17.5","2000",56
"1013","-22.5","-17.5","2000",90
"1014","-17.5","-17.5","2000",63
"1015","-12.5","-17.5","2000",11
"1016","-7.5","-17.5","2000",73
"1017","-2.5","-17.5","2000",5
"1018","2.5","-17.5","2000",28
"1019","7.5","-17.5","2000",24
"1020","12.5","-17.5","2000",0
"1021","-57.5","-12.5","2000",0
"1022","-52.5","-12.5","2000",0
"1023","-47.5","-12.5","2000",0
"1024","-42.5","-12.5","2000",0
"1025","-37.5","-12.5","2000",0
"1026","-32.5","-12.5","2000",0
"1027","-27.5","-12.5","2000",7
"1028","-22.5","-12.5","2000",0
"1029","-17.5","-12.5","2000",0
"1030","-12.5","-12.5","2000",7
"1031","-7.5","-12.5","2000",11
"1032","-2.5","-12.5","2000",0
"1033","2.5","-12.5","2000",7
"1034","7.5","-12.5","2000",0
"1035","12.5","-12.5","2000",0
"1036","-57.5","-7.5","2000",0
"1037","-52.5","-7.5","2000",0
"1038","-47.5","-7.5","2000",0
"1039","-42.5","-7.5","2000",0
"1040","-37.5","-7.5","2000",0
"1041","-32.5","-7.5","2000",1
"1042","-27.5","-7.5","2000",2
"1043","-22.5","-7.5","2000",0
"1044","-17.5","-7.5","2000",1
"1045","-12.5","-7.5","2000",0
"1046","-7.5","-7.5","2000",0
"1047","-2.5","-7.5","2000",0
"1048","2.5","-7.5","2000",0
"1049","7.5","-7.5","2000",0
"1050","12.5","-7.5","2000",0
"1051","-57.5","-2.5","2000",0
"1052","-52.5","-2.5","2000",0
"1053","-47.5","-2.5","2000",0
"1054","-42.5","-2.5","2000",0
"1055","-37.5","-2.5","2000",0
"1056","-32.5","-2.5","2000",0
"1057","-27.5","-2.5","2000",0
"1058","-22.5","-2.5","2000",1
"1059","-17.5","-2.5","2000",2
"1060","-12.5","-2.5","2000",0
"1061","-7.5","-2.5","2000",0
"1062","-2.5","-2.5","2000",10
"1063","2.5","-2.5","2000",8
"1064","7.5","-2.5","2000",1
"1065","12.5","-2.5","2000",0
"1066","-57.5","2.5","2000",0
"1067","-52.5","2.5","2000",0
"1068","-47.5","2.5","2000",0
"1069","-42.5","2.5","2000",0
"1070","-37.5","2.5","2000",0
"1071","-32.5","2.5","2000",0
"1072","-27.5","2.5","2000",0
"1073","-22.5","2.5","2000",0
"1074","-17.5","2.5","2000",0
"1075","-12.5","2.5","2000",0
"1076","-7.5","2.5","2000",0
"1077","-2.5","2.5","2000",0
"1078","2.5","2.5","2000",0
"1079","7.5","2.5","2000",0
"1080","12.5","2.5","2000",0
"1081","-57.5","-52.5","2005",0
"1082","-52.5","-52.5","2005",0
"1083","-47.5","-52.5","2005",0
"1084","-42.5","-52.5","2005",0
"1085","-37.5","-52.5","2005",0
"1086","-32.5","-52.5","2005",451
"1087","-27.5","-52.5","2005",0
"1088","-22.5","-52.5","2005",0
"1089","-17.5","-52.5","2005",0
"1090","-12.5","-52.5","2005",0
"1091","-7.5","-52.5","2005",0
"1092","-2.5","-52.5","2005",0
"1093","2.5","-52.5","2005",0
"1094","7.5","-52.5","2005",0
"1095","12.5","-52.5","2005",0
"1096","-57.5","-47.5","2005",0
"1097","-52.5","-47.5","2005",1
"1098","-47.5","-47.5","2005",1
"1099","-42.5","-47.5","2005",0
"1100","-37.5","-47.5","2005",21
"1101","-32.5","-47.5","2005",1108
"1102","-27.5","-47.5","2005",1000
"1103","-22.5","-47.5","2005",0
"1104","-17.5","-47.5","2005",0
"1105","-12.5","-47.5","2005",0
"1106","-7.5","-47.5","2005",0
"1107","-2.5","-47.5","2005",0
"1108","2.5","-47.5","2005",2
"1109","7.5","-47.5","2005",0
"1110","12.5","-47.5","2005",0
"1111","-57.5","-42.5","2005",0
"1112","-52.5","-42.5","2005",0
"1113","-47.5","-42.5","2005",0
"1114","-42.5","-42.5","2005",0
"1115","-37.5","-42.5","2005",16
"1116","-32.5","-42.5","2005",60
"1117","-27.5","-42.5","2005",267
"1118","-22.5","-42.5","2005",292
"1119","-17.5","-42.5","2005",1
"1120","-12.5","-42.5","2005",0
"1121","-7.5","-42.5","2005",0
"1122","-2.5","-42.5","2005",62
"1123","2.5","-42.5","2005",171
"1124","7.5","-42.5","2005",7
"1125","12.5","-42.5","2005",0
"1126","-57.5","-37.5","2005",0
"1127","-52.5","-37.5","2005",0
"1128","-47.5","-37.5","2005",0
"1129","-42.5","-37.5","2005",0
"1130","-37.5","-37.5","2005",14
"1131","-32.5","-37.5","2005",183
"1132","-27.5","-37.5","2005",167
"1133","-22.5","-37.5","2005",273
"1134","-17.5","-37.5","2005",851
"1135","-12.5","-37.5","2005",100
"1136","-7.5","-37.5","2005",0
"1137","-2.5","-37.5","2005",1204
"1138","2.5","-37.5","2005",1415
"1139","7.5","-37.5","2005",125
"1140","12.5","-37.5","2005",0
"1141","-57.5","-32.5","2005",0
"1142","-52.5","-32.5","2005",0
"1143","-47.5","-32.5","2005",0
"1144","-42.5","-32.5","2005",1
"1145","-37.5","-32.5","2005",39
"1146","-32.5","-32.5","2005",266
"1147","-27.5","-32.5","2005",59
"1148","-22.5","-32.5","2005",228
"1149","-17.5","-32.5","2005",211
"1150","-12.5","-32.5","2005",133
"1151","-7.5","-32.5","2005",165
"1152","-2.5","-32.5","2005",2471
"1153","2.5","-32.5","2005",2059
"1154","7.5","-32.5","2005",141
"1155","12.5","-32.5","2005",0
"1156","-57.5","-27.5","2005",0
"1157","-52.5","-27.5","2005",0
"1158","-47.5","-27.5","2005",0
"1159","-42.5","-27.5","2005",0
"1160","-37.5","-27.5","2005",1
"1161","-32.5","-27.5","2005",15
"1162","-27.5","-27.5","2005",12
"1163","-22.5","-27.5","2005",561
"1164","-17.5","-27.5","2005",574
"1165","-12.5","-27.5","2005",67
"1166","-7.5","-27.5","2005",107
"1167","-2.5","-27.5","2005",1205
"1168","2.5","-27.5","2005",336
"1169","7.5","-27.5","2005",30
"1170","12.5","-27.5","2005",0
"1171","-57.5","-22.5","2005",0
"1172","-52.5","-22.5","2005",0
"1173","-47.5","-22.5","2005",0
"1174","-42.5","-22.5","2005",0
"1175","-37.5","-22.5","2005",0
"1176","-32.5","-22.5","2005",0
"1177","-27.5","-22.5","2005",10
"1178","-22.5","-22.5","2005",221
"1179","-17.5","-22.5","2005",105
"1180","-12.5","-22.5","2005",80
"1181","-7.5","-22.5","2005",63
"1182","-2.5","-22.5","2005",180
"1183","2.5","-22.5","2005",70
"1184","7.5","-22.5","2005",0
"1185","12.5","-22.5","2005",0
"1186","-57.5","-17.5","2005",0
"1187","-52.5","-17.5","2005",0
"1188","-47.5","-17.5","2005",0
"1189","-42.5","-17.5","2005",0
"1190","-37.5","-17.5","2005",9
"1191","-32.5","-17.5","2005",3
"1192","-27.5","-17.5","2005",2
"1193","-22.5","-17.5","2005",21
"1194","-17.5","-17.5","2005",20
"1195","-12.5","-17.5","2005",53
"1196","-7.5","-17.5","2005",14
"1197","-2.5","-17.5","2005",97
"1198","2.5","-17.5","2005",20
"1199","7.5","-17.5","2005",1
"1200","12.5","-17.5","2005",0
"1201","-57.5","-12.5","2005",0
"1202","-52.5","-12.5","2005",0
"1203","-47.5","-12.5","2005",0
"1204","-42.5","-12.5","2005",0
"1205","-37.5","-12.5","2005",0
"1206","-32.5","-12.5","2005",0
"1207","-27.5","-12.5","2005",2
"1208","-22.5","-12.5","2005",1
"1209","-17.5","-12.5","2005",0
"1210","-12.5","-12.5","2005",4
"1211","-7.5","-12.5","2005",2
"1212","-2.5","-12.5","2005",18
"1213","2.5","-12.5","2005",0
"1214","7.5","-12.5","2005",0
"1215","12.5","-12.5","2005",0
"1216","-57.5","-7.5","2005",0
"1217","-52.5","-7.5","2005",0
"1218","-47.5","-7.5","2005",0
"1219","-42.5","-7.5","2005",0
"1220","-37.5","-7.5","2005",0
"1221","-32.5","-7.5","2005",0
"1222","-27.5","-7.5","2005",0
"1223","-22.5","-7.5","2005",0
"1224","-17.5","-7.5","2005",0
"1225","-12.5","-7.5","2005",1
"1226","-7.5","-7.5","2005",2
"1227","-2.5","-7.5","2005",6
"1228","2.5","-7.5","2005",2
"1229","7.5","-7.5","2005",0
"1230","12.5","-7.5","2005",0
"1231","-57.5","-2.5","2005",0
"1232","-52.5","-2.5","2005",0
"1233","-47.5","-2.5","2005",0
"1234","-42.5","-2.5","2005",0
"1235","-37.5","-2.5","2005",0
"1236","-32.5","-2.5","2005",0
"1237","-27.5","-2.5","2005",0
"1238","-22.5","-2.5","2005",0
"1239","-17.5","-2.5","2005",2
"1240","-12.5","-2.5","2005",1
"1241","-7.5","-2.5","2005",0
"1242","-2.5","-2.5","2005",7
"1243","2.5","-2.5","2005",30
"1244","7.5","-2.5","2005",1
"1245","12.5","-2.5","2005",0
"1246","-57.5","2.5","2005",0
"1247","-52.5","2.5","2005",0
"1248","-47.5","2.5","2005",0
"1249","-42.5","2.5","2005",0
"1250","-37.5","2.5","2005",0
"1251","-32.5","2.5","2005",0
"1252","-27.5","2.5","2005",0
"1253","-22.5","2.5","2005",0
"1254","-17.5","2.5","2005",0
"1255","-12.5","2.5","2005",0
"1256","-7.5","2.5","2005",0
"1257","-2.5","2.5","2005",0
"1258","2.5","2.5","2005",0
"1259","7.5","2.5","2005",0
"1260","12.5","2.5","2005",0
"1261","-57.5","-52.5","2010",0
"1262","-52.5","-52.5","2010",0
"1263","-47.5","-52.5","2010",1
"1264","-42.5","-52.5","2010",0
"1265","-37.5","-52.5","2010",6
"1266","-32.5","-52.5","2010",1215
"1267","-27.5","-52.5","2010",0
"1268","-22.5","-52.5","2010",0
"1269","-17.5","-52.5","2010",0
"1270","-12.5","-52.5","2010",0
"1271","-7.5","-52.5","2010",0
"1272","-2.5","-52.5","2010",0
"1273","2.5","-52.5","2010",0
"1274","7.5","-52.5","2010",0
"1275","12.5","-52.5","2010",0
"1276","-57.5","-47.5","2010",0
"1277","-52.5","-47.5","2010",1
"1278","-47.5","-47.5","2010",3
"1279","-42.5","-47.5","2010",0
"1280","-37.5","-47.5","2010",60
"1281","-32.5","-47.5","2010",1882
"1282","-27.5","-47.5","2010",1340
"1283","-22.5","-47.5","2010",56
"1284","-17.5","-47.5","2010",0
"1285","-12.5","-47.5","2010",0
"1286","-7.5","-47.5","2010",0
"1287","-2.5","-47.5","2010",0
"1288","2.5","-47.5","2010",5
"1289","7.5","-47.5","2010",0
"1290","12.5","-47.5","2010",0
"1291","-57.5","-42.5","2010",0
"1292","-52.5","-42.5","2010",0
"1293","-47.5","-42.5","2010",0
"1294","-42.5","-42.5","2010",1
"1295","-37.5","-42.5","2010",0
"1296","-32.5","-42.5","2010",25
"1297","-27.5","-42.5","2010",361
"1298","-22.5","-42.5","2010",899
"1299","-17.5","-42.5","2010",0
"1300","-12.5","-42.5","2010",0
"1301","-7.5","-42.5","2010",0
"1302","-2.5","-42.5","2010",93
"1303","2.5","-42.5","2010",88
"1304","7.5","-42.5","2010",11
"1305","12.5","-42.5","2010",0
"1306","-57.5","-37.5","2010",0
"1307","-52.5","-37.5","2010",0
"1308","-47.5","-37.5","2010",0
"1309","-42.5","-37.5","2010",3
"1310","-37.5","-37.5","2010",1
"1311","-32.5","-37.5","2010",15
"1312","-27.5","-37.5","2010",20
"1313","-22.5","-37.5","2010",868
"1314","-17.5","-37.5","2010",3583
"1315","-12.5","-37.5","2010",214
"1316","-7.5","-37.5","2010",11
"1317","-2.5","-37.5","2010",437
"1318","2.5","-37.5","2010",512
"1319","7.5","-37.5","2010",57
"1320","12.5","-37.5","2010",0
"1321","-57.5","-32.5","2010",0
"1322","-52.5","-32.5","2010",1
"1323","-47.5","-32.5","2010",1
"1324","-42.5","-32.5","2010",0
"1325","-37.5","-32.5","2010",6
"1326","-32.5","-32.5","2010",47
"1327","-27.5","-32.5","2010",16
"1328","-22.5","-32.5","2010",148
"1329","-17.5","-32.5","2010",195
"1330","-12.5","-32.5","2010",165
"1331","-7.5","-32.5","2010",801
"1332","-2.5","-32.5","2010",1438
"1333","2.5","-32.5","2010",546
"1334","7.5","-32.5","2010",50
"1335","12.5","-32.5","2010",0
"1336","-57.5","-27.5","2010",0
"1337","-52.5","-27.5","2010",2
"1338","-47.5","-27.5","2010",0
"1339","-42.5","-27.5","2010",6
"1340","-37.5","-27.5","2010",2
"1341","-32.5","-27.5","2010",0
"1342","-27.5","-27.5","2010",6
"1343","-22.5","-27.5","2010",110
"1344","-17.5","-27.5","2010",238
"1345","-12.5","-27.5","2010",22
"1346","-7.5","-27.5","2010",171
"1347","-2.5","-27.5","2010",827
"1348","2.5","-27.5","2010",395
"1349","7.5","-27.5","2010",3
"1350","12.5","-27.5","2010",0
"1351","-57.5","-22.5","2010",0
"1352","-52.5","-22.5","2010",0
"1353","-47.5","-22.5","2010",0
"1354","-42.5","-22.5","2010",12
"1355","-37.5","-22.5","2010",0
"1356","-32.5","-22.5","2010",0
"1357","-27.5","-22.5","2010",0
"1358","-22.5","-22.5","2010",3
"1359","-17.5","-22.5","2010",8
"1360","-12.5","-22.5","2010",1
"1361","-7.5","-22.5","2010",7
"1362","-2.5","-22.5","2010",34
"1363","2.5","-22.5","2010",20
"1364","7.5","-22.5","2010",0
"1365","12.5","-22.5","2010",0
"1366","-57.5","-17.5","2010",0
"1367","-52.5","-17.5","2010",0
"1368","-47.5","-17.5","2010",0
"1369","-42.5","-17.5","2010",0
"1370","-37.5","-17.5","2010",0
"1371","-32.5","-17.5","2010",2
"1372","-27.5","-17.5","2010",1
"1373","-22.5","-17.5","2010",1
"1374","-17.5","-17.5","2010",8
"1375","-12.5","-17.5","2010",0
"1376","-7.5","-17.5","2010",0
"1377","-2.5","-17.5","2010",2
"1378","2.5","-17.5","2010",0
"1379","7.5","-17.5","2010",0
"1380","12.5","-17.5","2010",0
"1381","-57.5","-12.5","2010",0
"1382","-52.5","-12.5","2010",0
"1383","-47.5","-12.5","2010",0
"1384","-42.5","-12.5","2010",0
"1385","-37.5","-12.5","2010",0
"1386","-32.5","-12.5","2010",1
"1387","-27.5","-12.5","2010",0
"1388","-22.5","-12.5","2010",0
"1389","-17.5","-12.5","2010",1
"1390","-12.5","-12.5","2010",5
"1391","-7.5","-12.5","2010",0
"1392","-2.5","-12.5","2010",10
"1393","2.5","-12.5","2010",0
"1394","7.5","-12.5","2010",1
"1395","12.5","-12.5","2010",0
"1396","-57.5","-7.5","2010",0
"1397","-52.5","-7.5","2010",0
"1398","-47.5","-7.5","2010",0
"1399","-42.5","-7.5","2010",0
"1400","-37.5","-7.5","2010",0
"1401","-32.5","-7.5","2010",0
"1402","-27.5","-7.5","2010",0
"1403","-22.5","-7.5","2010",0
"1404","-17.5","-7.5","2010",1
"1405","-12.5","-7.5","2010",0
"1406","-7.5","-7.5","2010",0
"1407","-2.5","-7.5","2010",0
"1408","2.5","-7.5","2010",1
"1409","7.5","-7.5","2010",0
"1410","12.5","-7.5","2010",0
"1411","-57.5","-2.5","2010",0
"1412","-52.5","-2.5","2010",0
"1413","-47.5","-2.5","2010",0
"1414","-42.5","-2.5","2010",0
"1415","-37.5","-2.5","2010",1
"1416","-32.5","-2.5","2010",1
"1417","-27.5","-2.5","2010",1
"1418","-22.5","-2.5","2010",0
"1419","-17.5","-2.5","2010",1
"1420","-12.5","-2.5","2010",0
"1421","-7.5","-2.5","2010",0
"1422","-2.5","-2.5","2010",4
"1423","2.5","-2.5","2010",1
"1424","7.5","-2.5","2010",0
"1425","12.5","-2.5","2010",0
"1426","-57.5","2.5","2010",0
"1427","-52.5","2.5","2010",0
"1428","-47.5","2.5","2010",0
"1429","-42.5","2.5","2010",0
"1430","-37.5","2.5","2010",0
"1431","-32.5","2.5","2010",0
"1432","-27.5","2.5","2010",0
"1433","-22.5","2.5","2010",0
"1434","-17.5","2.5","2010",0
"1435","-12.5","2.5","2010",0
"1436","-7.5","2.5","2010",0
"1437","-2.5","2.5","2010",0
"1438","2.5","2.5","2010",0
"1439","7.5","2.5","2010",0
"1440","12.5","2.5","2010",0
"1441","-57.5","-52.5","2015",0
"1442","-52.5","-52.5","2015",0
"1443","-47.5","-52.5","2015",0
"1444","-42.5","-52.5","2015",0
"1445","-37.5","-52.5","2015",14
"1446","-32.5","-52.5","2015",907
"1447","-27.5","-52.5","2015",0
"1448","-22.5","-52.5","2015",0
"1449","-17.5","-52.5","2015",0
"1450","-12.5","-52.5","2015",0
"1451","-7.5","-52.5","2015",0
"1452","-2.5","-52.5","2015",0
"1453","2.5","-52.5","2015",0
"1454","7.5","-52.5","2015",0
"1455","12.5","-52.5","2015",0
"1456","-57.5","-47.5","2015",0
"1457","-52.5","-47.5","2015",0
"1458","-47.5","-47.5","2015",1
"1459","-42.5","-47.5","2015",3
"1460","-37.5","-47.5","2015",50
"1461","-32.5","-47.5","2015",1168
"1462","-27.5","-47.5","2015",1093
"1463","-22.5","-47.5","2015",2
"1464","-17.5","-47.5","2015",0
"1465","-12.5","-47.5","2015",0
"1466","-7.5","-47.5","2015",0
"1467","-2.5","-47.5","2015",0
"1468","2.5","-47.5","2015",1
"1469","7.5","-47.5","2015",0
"1470","12.5","-47.5","2015",0
"1471","-57.5","-42.5","2015",0
"1472","-52.5","-42.5","2015",0
"1473","-47.5","-42.5","2015",0
"1474","-42.5","-42.5","2015",7
"1475","-37.5","-42.5","2015",2
"1476","-32.5","-42.5","2015",39
"1477","-27.5","-42.5","2015",124
"1478","-22.5","-42.5","2015",317
"1479","-17.5","-42.5","2015",0
"1480","-12.5","-42.5","2015",0
"1481","-7.5","-42.5","2015",0
"1482","-2.5","-42.5","2015",34
"1483","2.5","-42.5","2015",83
"1484","7.5","-42.5","2015",6
"1485","12.5","-42.5","2015",0
"1486","-57.5","-37.5","2015",0
"1487","-52.5","-37.5","2015",0
"1488","-47.5","-37.5","2015",0
"1489","-42.5","-37.5","2015",1
"1490","-37.5","-37.5","2015",3
"1491","-32.5","-37.5","2015",47
"1492","-27.5","-37.5","2015",52
"1493","-22.5","-37.5","2015",236
"1494","-17.5","-37.5","2015",735
"1495","-12.5","-37.5","2015",27
"1496","-7.5","-37.5","2015",10
"1497","-2.5","-37.5","2015",203
"1498","2.5","-37.5","2015",367
"1499","7.5","-37.5","2015",196
"1500","12.5","-37.5","2015",0
"1501","-57.5","-32.5","2015",0
"1502","-52.5","-32.5","2015",4
"1503","-47.5","-32.5","2015",4
"1504","-42.5","-32.5","2015",8
"1505","-37.5","-32.5","2015",13
"1506","-32.5","-32.5","2015",29
"1507","-27.5","-32.5","2015",21
"1508","-22.5","-32.5","2015",349
"1509","-17.5","-32.5","2015",28
"1510","-12.5","-32.5","2015",23
"1511","-7.5","-32.5","2015",382
"1512","-2.5","-32.5","2015",995
"1513","2.5","-32.5","2015",622
"1514","7.5","-32.5","2015",308
"1515","12.5","-32.5","2015",0
"1516","-57.5","-27.5","2015",2
"1517","-52.5","-27.5","2015",4
"1518","-47.5","-27.5","2015",0
"1519","-42.5","-27.5","2015",0
"1520","-37.5","-27.5","2015",0
"1521","-32.5","-27.5","2015",8
"1522","-27.5","-27.5","2015",12
"1523","-22.5","-27.5","2015",189
"1524","-17.5","-27.5","2015",165
"1525","-12.5","-27.5","2015",45
"1526","-7.5","-27.5","2015",572
"1527","-2.5","-27.5","2015",595
"1528","2.5","-27.5","2015",231
"1529","7.5","-27.5","2015",34
"1530","12.5","-27.5","2015",1
"1531","-57.5","-22.5","2015",0
"1532","-52.5","-22.5","2015",0
"1533","-47.5","-22.5","2015",0
"1534","-42.5","-22.5","2015",0
"1535","-37.5","-22.5","2015",0
"1536","-32.5","-22.5","2015",3
"1537","-27.5","-22.5","2015",0
"1538","-22.5","-22.5","2015",7
"1539","-17.5","-22.5","2015",5
"1540","-12.5","-22.5","2015",2
"1541","-7.5","-22.5","2015",59
"1542","-2.5","-22.5","2015",24
"1543","2.5","-22.5","2015",12
"1544","7.5","-22.5","2015",5
"1545","12.5","-22.5","2015",0
"1546","-57.5","-17.5","2015",0
"1547","-52.5","-17.5","2015",0
"1548","-47.5","-17.5","2015",0
"1549","-42.5","-17.5","2015",0
"1550","-37.5","-17.5","2015",0
"1551","-32.5","-17.5","2015",0
"1552","-27.5","-17.5","2015",1
"1553","-22.5","-17.5","2015",0
"1554","-17.5","-17.5","2015",6
"1555","-12.5","-17.5","2015",0
"1556","-7.5","-17.5","2015",1
"1557","-2.5","-17.5","2015",3
"1558","2.5","-17.5","2015",1
"1559","7.5","-17.5","2015",0
"1560","12.5","-17.5","2015",0
"1561","-57.5","-12.5","2015",0
"1562","-52.5","-12.5","2015",0
"1563","-47.5","-12.5","2015",0
"1564","-42.5","-12.5","2015",0
"1565","-37.5","-12.5","2015",0
"1566","-32.5","-12.5","2015",1
"1567","-27.5","-12.5","2015",0
"1568","-22.5","-12.5","2015",1
"1569","-17.5","-12.5","2015",1
"1570","-12.5","-12.5","2015",1
"1571","-7.5","-12.5","2015",0
"1572","-2.5","-12.5","2015",0
"1573","2.5","-12.5","2015",0
"1574","7.5","-12.5","2015",0
"1575","12.5","-12.5","2015",0
"1576","-57.5","-7.5","2015",0
"1577","-52.5","-7.5","2015",0
"1578","-47.5","-7.5","2015",0
"1579","-42.5","-7.5","2015",0
"1580","-37.5","-7.5","2015",0
"1581","-32.5","-7.5","2015",27
"1582","-27.5","-7.5","2015",0
"1583","-22.5","-7.5","2015",0
"1584","-17.5","-7.5","2015",0
"1585","-12.5","-7.5","2015",0
"1586","-7.5","-7.5","2015",1
"1587","-2.5","-7.5","2015",1
"1588","2.5","-7.5","2015",2
"1589","7.5","-7.5","2015",1
"1590","12.5","-7.5","2015",0
"1591","-57.5","-2.5","2015",0
"1592","-52.5","-2.5","2015",0
"1593","-47.5","-2.5","2015",0
"1594","-42.5","-2.5","2015",0
"1595","-37.5","-2.5","2015",0
"1596","-32.5","-2.5","2015",6
"1597","-27.5","-2.5","2015",1
"1598","-22.5","-2.5","2015",0
"1599","-17.5","-2.5","2015",6
"1600","-12.5","-2.5","2015",2
"1601","-7.5","-2.5","2015",6
"1602","-2.5","-2.5","2015",14
"1603","2.5","-2.5","2015",6
"1604","7.5","-2.5","2015",0
"1605","12.5","-2.5","2015",0
"1606","-57.5","2.5","2015",0
"1607","-52.5","2.5","2015",0
"1608","-47.5","2.5","2015",0
"1609","-42.5","2.5","2015",0
"1610","-37.5","2.5","2015",21
"1611","-32.5","2.5","2015",50
"1612","-27.5","2.5","2015",0
"1613","-22.5","2.5","2015",0
"1614","-17.5","2.5","2015",0
"1615","-12.5","2.5","2015",0
"1616","-7.5","2.5","2015",0
"1617","-2.5","2.5","2015",0
"1618","2.5","2.5","2015",3
"1619","7.5","2.5","2015",0
"1620","12.5","2.5","2015",0
